supplier_id,period,n_orders,late_orders,avg_days_late,total_days_late,short_orders,total_short_qty,total_spend,critical_orders,late_delivery_rate,short_delivery_rate,critical_component_exposure,quality_events,total_scrap_qty,quality_event_rate,estimated_quality_cost,rework_cost_ratio,supplier_fault_rate,spend_share,route_deviation_flag,transit_delay_rate,late_rate_trend,quality_rate_trend,avg_days_late_trend,transit_delay_trend,has_trend_data,is_worsening,period_N,current_risk_N,period_N1,target_risk_N1,target_risk_score_N1,target_low_boundary,target_high_boundary,actual_risk_N1,predicted_risk_N1,prediction_correct,probability_high,probability_low,probability_medium,selected_model,actual_risk_category,predicted_risk_category,predicted_risk_severity,expected_risk_severity,business_exposure,priority_score,priority_tier,high_risk_prediction_flag,high_probability_high_risk_flag,critical_exposure_flag,watchlist_flag
SUP033,2025-02,12,12,5.25,63,3,3,308953.94,0,1.0,0.25,0.0,0.0,0.0,0.0,308953.94,1.0,0.0,0.0657822975709269,0.0,0.0,0.0,0.0,-1.416666666666667,0.0,1,0,2025-02,High,2025-03,High,0.5284873949579832,0.1824062049062048,0.3434497354497354,High,High,True,0.9505669852724612,6.455795158972075e-06,0.0494265589323797,Logistic Regression,High,High,1.0,0.975280264738651,0.04604760829964883,4.490932361306322,Monitor,1,1,0,1
SUP033,2024-08,16,16,6.25,100,3,3,914699.4,0,1.0,0.1875,0.0,0.0,0.0,0.0,914699.4,1.0,0.0,0.0596586572022063,0.0,0.0,0.0,0.0,0.8125,0.0,1,1,2024-08,High,2024-09,High,0.529059065934066,0.1824062049062048,0.3434497354497354,High,High,True,0.9693840814522142,8.653979530757306e-06,0.0306072645682548,Logistic Regression,High,High,1.0,0.9846877137363417,0.0417610600415444,4.112160273551445,Monitor,1,1,0,1
SUP038,2024-08,26,22,2.8076923076923075,73,2,4,975031.96,0,0.8461538461538461,0.0769230769230769,0.0,0.0,0.0,0.0,975031.96,1.0,0.0,0.0635936761987986,0.0,0.0,0.0683760683760683,-0.0555555555555555,0.3632478632478628,0.0,1,1,2024-08,High,2024-09,High,0.3606023606023606,0.1824062049062048,0.3434497354497354,High,High,True,0.481935176752,0.0575421776449755,0.4605226456030245,Logistic Regression,High,High,1.0,0.7121964995535123,0.04451557333915902,3.170383550776671,Monitor,1,0,0,1
SUP026,2025-02,17,12,2.764705882352941,47,3,9,220247.98,0,0.7058823529411765,0.1764705882352941,0.0,0.0,0.0,0.0,220247.98,1.0,0.0,0.0468950749090805,0.0,0.0,-0.0588235294117646,0.0,-0.4117647058823528,0.0,1,0,2025-02,Medium,2025-03,High,0.3653571428571428,0.1824062049062048,0.3434497354497354,High,High,True,0.5966314055672415,0.017124613260466,0.3862439811722924,Logistic Regression,High,High,1.0,0.7897533961533877,0.03282655243635635,2.592488127061969,Monitor,1,1,0,1
SUP039,2024-10,14,11,2.7142857142857144,38,2,3,569230.64,0,0.7857142857142857,0.1428571428571428,0.0,0.0,0.0,0.0,569230.64,1.0,0.0,0.0375803188874132,0.0,0.0,-0.2142857142857143,0.0,-0.7857142857142856,0.0,1,0,2024-10,High,2024-11,High,0.4253968253968254,0.1824062049062048,0.3434497354497354,High,High,True,0.768672204728018,0.0061557150780156,0.2251720801939662,Logistic Regression,High,High,1.0,0.8812582448250011,0.026306223221189237,2.3182576103879917,Monitor,1,1,0,1
SUP024,2024-09,21,16,3.1904761904761907,67,5,26,644127.0,0,0.7619047619047619,0.238095238095238,0.0,0.0,0.0,0.0,644127.0,1.0,0.0,0.0418789144631317,0.0,0.0,0.1097308488612835,0.0,0.8426501035196687,0.0,1,1,2024-09,High,2024-10,High,0.3693645484949832,0.1824062049062048,0.3434497354497354,High,High,True,0.5838885913308808,0.0336060942827622,0.3825053143863569,Logistic Regression,High,High,1.0,0.7751412485240592,0.02931524012419219,2.272345183064893,Monitor,1,1,0,1
SUP006,2024-08,27,21,2.5185185185185186,68,3,18,612805.07,0,0.7777777777777778,0.1111111111111111,0.0,1.0,1.0,0.037037037037037,612805.07,1.0,0.0,0.0399684613359362,0.0,0.0,0.0424836601307189,-0.0217864923747276,-0.5697167755991286,0.0,1,1,2024-08,High,2024-09,Medium,0.2931797235023041,0.1824062049062048,0.3434497354497354,Medium,High,False,0.5327795360240255,0.0265350199667107,0.4406854440092639,Logistic Regression,Medium,High,1.0,0.7531222580286574,0.027977922935155337,2.107079649587595,Monitor,1,1,0,1
SUP021,2025-01,22,15,2.5,55,3,37,627863.2300000001,0,0.6818181818181818,0.1363636363636363,0.0,1.0,1.0,0.0454545454545454,627863.2300000001,1.0,0.0,0.0382533745502337,0.0,0.0,-0.1753246753246753,0.0454545454545454,-0.2857142857142856,0.0,1,1,2025-01,Medium,2025-02,Medium,0.3374999999999999,0.1824062049062048,0.3434497354497354,Medium,High,False,0.5908893465909671,0.0420996320629232,0.3670110213461095,Logistic Regression,Medium,High,1.0,0.7743948572640219,0.02677736218516359,2.0736251567286774,Monitor,1,1,0,1
SUP033,2024-12,22,21,5.409090909090909,119,6,20,491246.36,0,0.9545454545454546,0.2727272727272727,0.0,2.0,2.0,0.0909090909090909,491246.36,1.0,0.0,0.0296859850999253,0.0,0.0,0.1420454545454545,0.0909090909090909,0.9090909090909092,0.0,1,1,2024-12,High,2025-01,High,0.5214285714285715,0.1824062049062048,0.3434497354497354,High,High,True,0.9449012521994172,5.064076231846078e-05,0.0550481070382642,Logistic Regression,High,High,1.0,0.9724253057185493,0.020780189569947708,2.0207182195445808,Monitor,1,1,0,1
SUP033,2024-10,18,17,4.555555555555555,82,1,2,428941.06,0,0.9444444444444444,0.0555555555555555,0.0,0.0,0.0,0.0,428941.06,1.0,0.0,0.028318471786243,0.0,0.0,0.0069444444444444,-0.0625,-1.6319444444444446,0.0,1,1,2024-10,High,2024-11,High,0.4000892857142857,0.1824062049062048,0.3434497354497354,High,High,True,0.9420834557582772,1.9243696464416912e-05,0.0578973005452582,Logistic Regression,High,High,1.0,0.9710321060309063,0.0198229302503701,1.9248701708720637,Monitor,1,1,0,1
SUP006,2025-01,37,25,2.8378378378378377,105,5,12,593172.17,0,0.6756756756756757,0.1351351351351351,0.0,0.0,0.0,0.0,593172.17,1.0,0.0,0.036139777116403,0.0,0.0,-0.0017436791630339,-0.032258064516129,0.4184829991281602,0.0,1,1,2025-01,Medium,2025-02,Medium,0.2960989010989011,0.1824062049062048,0.3434497354497354,Medium,High,False,0.544592772098135,0.0444558061874253,0.4109514217144398,Logistic Regression,Medium,High,1.0,0.7500684829553549,0.0252978439814821,1.8975115457231535,Monitor,1,1,0,1
SUP006,2024-10,27,22,2.555555555555556,69,6,17,567544.48,0,0.8148148148148148,0.2222222222222222,0.0,0.0,0.0,0.0,567544.48,1.0,0.0,0.0374689994572167,0.0,0.0,0.105137395459976,0.0,0.8136200716845876,0.0,1,1,2024-10,High,2024-11,High,0.3822474299893654,0.1824062049062048,0.3434497354497354,High,High,True,0.4848920116011413,0.1032368108102107,0.4118711775886479,Logistic Regression,High,High,1.0,0.6908276003954652,0.026228299620051687,1.8119233288973597,Monitor,1,0,0,1
SUP021,2024-09,11,8,2.8181818181818183,31,0,0,478481.12000000005,0,0.7272727272727273,0.0,0.0,1.0,1.0,0.0909090909090909,478481.12000000005,1.0,0.0,0.0311091910395053,0.0,0.0,-0.0727272727272727,0.0909090909090909,0.1181818181818181,0.0,1,1,2024-09,High,2024-10,Medium,0.1953246753246753,0.1824062049062048,0.3434497354497354,Medium,High,False,0.6853346904468411,0.0270008798509413,0.2876644297022176,Logistic Regression,Medium,High,1.0,0.82916690529795,0.02177643372765371,1.8056298162384528,Monitor,1,1,0,1
SUP024,2024-10,23,17,3.347826086956522,77,2,4,440792.76,0,0.7391304347826086,0.0869565217391304,0.0,1.0,1.0,0.0434782608695652,440792.76,1.0,0.0,0.0291009150246427,0.0,0.0,-0.0227743271221532,0.0434782608695652,0.1573498964803312,0.0,1,1,2024-10,High,2024-11,Medium,0.2993788819875776,0.1824062049062048,0.3434497354497354,Medium,High,False,0.7211838907198916,0.0085990123240129,0.2702170969560955,Logistic Regression,Medium,High,1.0,0.8562924391979394,0.020370640517249888,1.7443225456540281,Monitor,1,1,0,1
SUP006,2024-11,31,24,2.677419354838709,83,2,4,498792.32,0,0.7741935483870968,0.064516129032258,0.0,2.0,2.0,0.064516129032258,498792.32,1.0,0.0,0.0327195136988319,0.0,0.0,-0.040621266427718,0.064516129032258,0.1218637992831541,0.0,1,1,2024-11,High,2024-12,Medium,0.3205246366536688,0.1824062049062048,0.3434497354497354,Medium,High,False,0.5551869295941564,0.0437117748550136,0.4011012955508299,Logistic Regression,Medium,High,1.0,0.7557375773695714,0.022903659589182328,1.7309156210826004,Monitor,1,1,0,1
SUP033,2025-01,18,18,6.666666666666667,120,5,15,405053.47,0,1.0,0.2777777777777778,0.0,0.0,0.0,0.0,405053.47,1.0,0.0,0.0246784034490789,0.0,0.0,0.0454545454545454,-0.0909090909090909,1.2575757575757578,0.0,1,1,2025-01,High,2025-02,High,0.485,0.1824062049062048,0.3434497354497354,High,High,True,0.9879690179722554,9.104427595145589e-07,0.012030071584985,Logistic Regression,High,High,1.0,0.993984053764748,0.01727488241435523,1.7170957650530168,Monitor,1,1,0,1
SUP013,2025-01,34,22,2.2058823529411766,75,3,22,525644.0700000001,0,0.6470588235294118,0.088235294117647,0.0,0.0,0.0,0.0,525644.0700000001,1.0,0.0,0.0320255408010105,0.0,0.0,-0.0329411764705882,0.0,-0.9941176470588236,0.0,1,0,2025-01,Medium,2025-02,Medium,0.3199999999999999,0.1824062049062048,0.3434497354497354,Medium,High,False,0.4932333744215884,0.0314813708091616,0.47528525476925,Logistic Regression,Medium,High,1.0,0.7308760018062134,0.022417878560707347,1.6384689451427015,Monitor,1,0,0,1
SUP006,2024-12,31,21,2.419354838709677,75,5,10,487507.02,0,0.6774193548387096,0.1612903225806451,0.0,1.0,1.0,0.032258064516129,487507.02,1.0,0.0,0.0294600170306177,0.0,0.0,-0.0967741935483871,-0.032258064516129,-0.258064516129032,0.0,1,0,2024-12,Medium,2025-01,Medium,0.3094594594594594,0.1824062049062048,0.3434497354497354,Medium,High,False,0.5844003114588202,0.0234195469880011,0.3921801415531787,Logistic Regression,Medium,High,1.0,0.7804903822354096,0.020622011921432388,1.6095281967021937,Monitor,1,1,0,1
SUP005,2025-01,11,8,3.1818181818181817,35,0,0,456219.35,0,0.7272727272727273,0.0,0.0,0.0,0.0,0.0,456219.35,1.0,0.0,0.0277957504735771,0.0,0.0,-0.0227272727272727,0.0,0.4318181818181816,0.0,1,1,2025-01,Medium,2025-02,Medium,0.2614285714285714,0.1824062049062048,0.3434497354497354,Medium,High,False,0.671937276128022,0.0195912828694821,0.3084714410024958,Logistic Regression,Medium,High,1.0,0.8261729966292699,0.01945702533150397,1.607486892362025,Monitor,1,1,0,1
SUP015,2024-10,25,12,1.72,43,2,2,462854.12,0,0.48,0.08,0.0,0.0,0.0,0.0,462854.12,1.0,0.0,0.030557394851326,0.0,0.0,-0.2977777777777778,-0.1111111111111111,-2.1688888888888886,0.0,1,0,2024-10,Medium,2024-11,Medium,0.3364285714285714,0.1824062049062048,0.3434497354497354,Medium,High,False,0.5173867691350423,0.0169954215072876,0.4656178093576699,Logistic Regression,Medium,High,1.0,0.7501956738138773,0.0213901763959282,1.6046817794341048,Monitor,1,1,0,1
SUP033,2024-11,16,13,4.5,72,5,18,353796.2,0,0.8125,0.3125,0.0,0.0,0.0,0.0,353796.2,1.0,0.0,0.02320813522649,0.0,0.0,-0.1319444444444444,0.0,-0.0555555555555553,0.0,1,0,2024-11,High,2024-12,High,0.5235314685314686,0.1824062049062048,0.3434497354497354,High,High,True,0.9434508039647604,7.651194119078252e-05,0.0564726840940488,Logistic Regression,High,High,1.0,0.9716871460117849,0.016245694658543,1.5785732677738546,Monitor,1,1,0,1
SUP013,2024-09,34,27,3.294117647058824,112,6,13,425842.4,0,0.7941176470588235,0.1764705882352941,0.0,1.0,1.0,0.0294117647058823,425842.4,1.0,0.0,0.0276868031372302,0.0,0.0,0.1018099547511312,-0.0090497737556561,1.178733031674208,0.0,1,1,2024-09,High,2024-10,Medium,0.2584375,0.1824062049062048,0.3434497354497354,Medium,High,False,0.6487037596247175,0.0231218881790878,0.3281743521961947,Logistic Regression,Medium,High,1.0,0.8127909357228148,0.01938076219606114,1.575250784035789,Monitor,1,1,0,1
SUP013,2024-07,33,25,2.8484848484848486,94,3,8,453246.62,0,0.7575757575757576,0.0909090909090909,0.0,2.0,2.0,0.0606060606060606,453246.62,1.0,0.0,0.0285704025416621,0.0,0.0,-0.0318979266347687,0.0606060606060606,0.3748006379585327,0.0,1,1,2024-07,High,2024-08,Medium,0.3197802197802197,0.1824062049062048,0.3434497354497354,Medium,High,False,0.5833796805312282,0.0364311462998864,0.3801891731688853,Logistic Regression,Medium,High,1.0,0.7734742671156709,0.019999281779163467,1.5468929816978254,Monitor,1,1,0,1
SUP039,2024-09,10,10,3.5,35,1,1,375914.65,0,1.0,0.1,0.0,0.0,0.0,0.0,375914.65,1.0,0.0,0.0244406731479787,0.0,0.0,0.25,0.0,0.0,0.0,1,1,2024-09,High,2024-10,High,0.3447959183673469,0.1824062049062048,0.3434497354497354,High,High,True,0.7896348431086596,0.0029316954320983,0.2074334614592419,Logistic Regression,High,High,1.0,0.8933515738382806,0.017108471203585086,1.528387967568964,Monitor,1,1,0,1
SUP033,2024-07,16,16,5.4375,87,3,11,348123.6,0,1.0,0.1875,0.0,0.0,0.0,0.0,348123.6,1.0,0.0,0.0219439725468941,0.0,0.0,0.0,0.0,-0.7767857142857144,0.0,1,0,2024-07,High,2024-08,High,0.5107142857142857,0.1824062049062048,0.3434497354497354,High,High,True,0.9778807529329288,2.222646941251497e-06,0.0221170244201297,Logistic Regression,High,High,1.0,0.9889392651429936,0.015360780782825868,1.5190879259390433,Monitor,1,1,0,1
SUP014,2024-10,24,21,3.25,78,2,5,363746.44,0,0.875,0.0833333333333333,0.0,0.0,0.0,0.0,363746.44,1.0,0.0,0.0240143559548399,0.0,0.0,0.0972222222222222,-0.0555555555555555,-0.9722222222222224,0.0,1,1,2024-10,High,2024-11,Medium,0.2847619047619047,0.1824062049062048,0.3434497354497354,Medium,High,False,0.7896536488838327,0.0016033398567867,0.2087430112593806,Logistic Regression,Medium,High,1.0,0.894025154513523,0.01681004916838793,1.5028606805147937,Monitor,1,1,0,1
SUP002,2024-11,27,22,2.740740740740741,74,1,2,382862.45,0,0.8148148148148148,0.037037037037037,0.0,0.0,0.0,0.0,382862.45,1.0,0.0,0.0251148076569089,0.0,0.0,-0.0033670033670034,-0.0454545454545454,-0.2138047138047136,0.0,1,0,2024-11,High,2024-12,Medium,0.3383571428571428,0.1824062049062048,0.3434497354497354,Medium,High,False,0.7036410055802927,0.009846315480457,0.2865126789392502,Logistic Regression,Medium,High,1.0,0.8468973450499179,0.01758036535983623,1.4888764748252847,Monitor,1,1,0,1
SUP026,2024-09,23,19,3.4347826086956523,79,4,19,350548.49,0,0.8260869565217391,0.1739130434782608,0.0,0.0,0.0,0.0,350548.49,1.0,0.0,0.02279145297106,0.0,0.0,-0.0830039525691699,0.0,0.7075098814229253,0.0,1,1,2024-09,High,2024-10,High,0.3544099378881987,0.1824062049062048,0.3434497354497354,High,High,True,0.8304440646408421,0.0059449108430768,0.1636110245160812,Logistic Regression,High,High,1.0,0.9122495768988826,0.015954017079742,1.4554045330832186,Monitor,1,1,0,1
SUP040,2024-08,39,29,2.6153846153846154,102,7,33,429871.23,0,0.7435897435897436,0.1794871794871795,0.0,0.0,0.0,0.0,429871.23,1.0,0.0,0.0280371238372527,0.0,0.0,0.0769230769230769,0.0,0.4335664335664337,0.0,1,1,2024-08,Medium,2024-09,Medium,0.3034562211981566,0.1824062049062048,0.3434497354497354,Medium,High,False,0.5309763473979184,0.0616185024567135,0.407405150145368,Logistic Regression,Medium,High,1.0,0.7346789224706024,0.019625986686076888,1.4418798750949358,Monitor,1,1,0,1
SUP013,2024-10,32,19,1.96875,63,7,21,397190.53,0,0.59375,0.21875,0.0,0.0,0.0,0.0,397190.53,1.0,0.0,0.0262223178577679,0.0,0.0,-0.2003676470588234,-0.0294117647058823,-1.3253676470588234,0.0,1,0,2024-10,Medium,2024-11,Medium,0.2475,0.1824062049062048,0.3434497354497354,Medium,High,False,0.5869537355796168,0.0217194124208027,0.3913268519995805,Logistic Regression,Medium,High,1.0,0.7826171615794071,0.01835562250043753,1.4365425180315519,Monitor,1,1,0,1
SUP014,2024-11,24,16,2.0,48,3,14,376807.79,0,0.6666666666666666,0.125,0.0,0.0,0.0,0.0,376807.79,1.0,0.0,0.0247176372858579,0.0,0.0,-0.2083333333333333,0.0,-1.25,0.0,1,0,2024-11,Medium,2024-12,Medium,0.3221813186813186,0.1824062049062048,0.3434497354497354,Medium,High,False,0.6278713394741896,0.0222010870019341,0.3499275735238762,Logistic Regression,Medium,High,1.0,0.8028351262361277,0.017302346100100528,1.389093121545538,Monitor,1,1,0,1
SUP014,2024-08,24,18,2.75,66,3,15,393273.26,0,0.75,0.125,0.0,0.0,0.0,0.0,393273.26,1.0,0.0,0.025650125719044,0.0,0.0,0.1203703703703703,-0.037037037037037,0.6388888888888888,0.0,1,1,2024-08,Medium,2024-09,High,0.408998778998779,0.1824062049062048,0.3434497354497354,High,High,True,0.5406095563034343,0.0509173273856259,0.4084731163109397,Logistic Regression,High,High,1.0,0.7448461144589041,0.0179550880033308,1.3373777534048628,Monitor,1,1,0,1
SUP002,2025-01,22,19,3.909090909090909,86,6,24,325760.23,0,0.8636363636363636,0.2727272727272727,0.0,1.0,1.0,0.0454545454545454,325760.23,1.0,0.0,0.019847360852395,0.0,0.0,0.1136363636363636,0.0454545454545454,0.959090909090909,0.0,1,1,2025-01,High,2025-02,Medium,0.3148677248677248,0.1824062049062048,0.3434497354497354,Medium,High,False,0.8399122063224597,0.0024918223864332,0.157595971291107,Logistic Regression,Medium,High,1.0,0.9187101919680132,0.013893152596676499,1.2763780889133567,Monitor,1,1,0,1
SUP013,2024-08,26,18,2.1153846153846154,55,3,25,362672.98,0,0.6923076923076923,0.1153846153846153,0.0,1.0,1.0,0.0384615384615384,362672.98,1.0,0.0,0.0236543098096736,0.0,0.0,-0.0652680652680652,-0.0221445221445221,-0.7331002331002332,0.0,1,0,2024-08,Medium,2024-09,High,0.3830090497737556,0.1824062049062048,0.3434497354497354,High,High,True,0.5581382345203701,0.0260938555600385,0.4157679099195913,Logistic Regression,High,High,1.0,0.7660221894801658,0.01655801686677152,1.2683808333733835,Monitor,1,1,0,1
SUP002,2024-07,24,17,2.333333333333333,56,2,13,358353.05,0,0.7083333333333334,0.0833333333333333,0.0,0.0,0.0,0.0,358353.05,1.0,0.0,0.0225887859693964,0.0,0.0,-0.0916666666666666,0.0,-0.3166666666666664,0.0,1,0,2024-07,Medium,2024-08,Medium,0.3176623376623376,0.1824062049062048,0.3434497354497354,Medium,High,False,0.6155931094949508,0.0300219564335177,0.3543849340715314,Logistic Regression,Medium,High,1.0,0.7927855765307166,0.01581215017857748,1.2535644595513822,Monitor,1,1,0,1
SUP026,2024-11,18,12,3.333333333333333,60,3,7,304568.53,0,0.6666666666666666,0.1666666666666666,0.0,0.0,0.0,0.0,304568.53,1.0,0.0,0.0199789246746383,0.0,0.0,-0.1159420289855073,0.0,0.2028985507246377,0.0,1,1,2024-11,Medium,2024-12,Medium,0.3016964285714285,0.1824062049062048,0.3434497354497354,Medium,High,False,0.7758322850611727,0.0066937988803784,0.2174739160584488,Logistic Regression,Medium,High,1.0,0.8845692430903971,0.013985247272246808,1.23709195940434,Monitor,1,1,0,1
SUP033,2024-09,16,15,6.1875,99,0,0,258530.7,0,0.9375,0.0,0.0,1.0,2.0,0.0625,258530.7,1.0,0.0,0.0168087738464519,0.0,0.0,-0.0625,0.0625,-0.0625,0.0,1,1,2024-09,High,2024-10,High,0.4476984126984127,0.1824062049062048,0.3434497354497354,High,High,True,0.9800211930221008,1.7723743774118849e-06,0.0199770346035217,Logistic Regression,High,High,1.0,0.9900097103238616,0.01176614169251633,1.1648594528637601,Monitor,1,1,0,1
SUP021,2024-07,13,9,3.769230769230769,49,3,9,303692.48000000004,0,0.6923076923076923,0.2307692307692307,0.0,0.0,0.0,0.0,303692.48000000004,1.0,0.0,0.019143256716345,0.0,0.0,0.0452488687782804,0.0,1.7104072398190049,0.0,1,1,2024-07,Medium,2024-08,High,0.3494285714285714,0.1824062049062048,0.3434497354497354,High,High,True,0.7481557555458438,0.0135430561501087,0.2383011883040474,Logistic Regression,High,High,1.0,0.8673063496978675,0.0134002797014415,1.1622147672787657,Monitor,1,1,0,1
SUP009,2024-09,17,15,2.823529411764706,48,5,14,275467.56,0,0.8823529411764706,0.2941176470588235,0.0,0.0,0.0,0.0,275467.56,1.0,0.0,0.0179099500294314,0.0,0.0,-0.0551470588235294,-0.0625,0.136029411764706,0.0,1,1,2024-09,High,2024-10,High,0.3599159663865545,0.1824062049062048,0.3434497354497354,High,High,True,0.819737426827502,0.006500372589704,0.1737622005827939,Logistic Regression,High,High,1.0,0.9066185271188989,0.012536965020601979,1.1366244761519322,Monitor,1,1,0,1
SUP003,2025-01,17,14,2.4705882352941178,42,4,7,301625.84,0,0.8235294117647058,0.2352941176470588,0.0,0.0,0.0,0.0,301625.84,1.0,0.0,0.0183769421113398,0.0,0.0,-0.0098039215686275,-0.0555555555555555,-1.2516339869281046,0.0,1,0,2025-01,High,2025-02,High,0.4271428571428571,0.1824062049062048,0.3434497354497354,High,High,True,0.7591672673985762,0.0033198161680385,0.2375129164333853,Logistic Regression,High,High,1.0,0.8779237256152689,0.012863859477937858,1.129348743866249,Monitor,1,1,0,1
SUP040,2024-09,31,21,2.5806451612903225,80,2,10,306790.61,0,0.6774193548387096,0.064516129032258,0.0,0.0,0.0,0.0,306790.61,1.0,0.0,0.0199464666351231,0.0,0.0,-0.0661703887510339,0.0,-0.0347394540942929,0.0,1,0,2024-09,Medium,2024-10,Medium,0.2718315018315018,0.1824062049062048,0.3434497354497354,Medium,High,False,0.6264815729807385,0.0252085749958472,0.3483098520234142,Logistic Regression,Medium,High,1.0,0.8006364989924456,0.013962526644586169,1.117890844981021,Monitor,1,1,0,1
SUP009,2025-01,18,16,2.611111111111111,47,1,1,327258.28,0,0.8888888888888888,0.0555555555555555,0.0,0.0,0.0,0.0,327258.28,1.0,0.0,0.0199386314747325,0.0,0.0,0.1830065359477123,-0.0588235294117647,0.0816993464052289,0.0,1,1,2025-01,High,2025-02,High,0.3866071428571428,0.1824062049062048,0.3434497354497354,High,High,True,0.6211121911960832,0.0247324454488039,0.3541553633551129,Logistic Regression,High,High,1.0,0.7981898728736396,0.01395704203231275,1.114036960546376,Monitor,1,1,0,1
SUP026,2024-10,23,18,3.130434782608696,72,6,35,264272.27,0,0.782608695652174,0.2608695652173913,0.0,0.0,0.0,0.0,264272.27,1.0,0.0,0.0174471215739556,0.0,0.0,-0.0434782608695651,0.0,-0.3043478260869565,0.0,1,0,2024-10,High,2024-11,Medium,0.319047619047619,0.1824062049062048,0.3434497354497354,Medium,High,False,0.8180798344172855,0.0024675161585062,0.1794526494242082,Logistic Regression,Medium,High,1.0,0.9078061591293896,0.01221298510176892,1.10870230967413,Monitor,1,1,0,1
SUP014,2024-09,18,14,4.222222222222222,76,5,32,259400.41,0,0.7777777777777778,0.2777777777777778,0.0,1.0,1.0,0.0555555555555555,259400.41,1.0,0.0,0.01686531938902,0.0,0.0,0.0277777777777777,0.0555555555555555,1.4722222222222223,0.0,1,1,2024-09,High,2024-10,High,0.3898214285714285,0.1824062049062048,0.3434497354497354,High,High,True,0.8733121048358214,0.0019510527503378,0.1247368424138406,Logistic Regression,High,High,1.0,0.9356805260427418,0.011805723572313999,1.1046385642457959,Monitor,1,1,0,1
SUP005,2025-02,10,6,2.0,20,2,4,96191.0,0,0.6,0.2,0.0,0.0,0.0,0.0,96191.0,1.0,0.0,0.0204809331308253,0.0,0.0,-0.1272727272727273,0.0,-1.1818181818181817,0.0,1,0,2025-02,Medium,2025-03,Low,0.0,0.1824062049062048,0.3434497354497354,Low,High,False,0.5616993038948371,0.0265245094420179,0.4117761866631449,Logistic Regression,Low,High,1.0,0.7675873972264096,0.014336653191577708,1.100463430826083,Monitor,1,1,0,1
SUP002,2024-08,22,16,2.4545454545454546,54,2,8,323253.31,0,0.7272727272727273,0.0909090909090909,0.0,0.0,0.0,0.0,323253.31,1.0,0.0,0.0210832743639807,0.0,0.0,0.0189393939393939,0.0,0.1212121212121211,0.0,1,1,2024-08,Medium,2024-09,Medium,0.2631428571428571,0.1824062049062048,0.3434497354497354,Medium,High,False,0.5494871023209151,0.0587549805319056,0.3917579171471793,Logistic Regression,Medium,High,1.0,0.7453660608945047,0.014758292054786489,1.1000330014406872,Monitor,1,1,0,1
SUP002,2024-12,20,15,2.95,59,3,11,301099.72,0,0.75,0.15,0.0,0.0,0.0,0.0,301099.72,1.0,0.0,0.0181954361992864,0.0,0.0,-0.0648148148148147,0.0,0.2092592592592592,0.0,1,1,2024-12,Medium,2025-01,High,0.4279670329670329,0.1824062049062048,0.3434497354497354,High,High,True,0.7402801234862083,0.0140106687370003,0.2457092077767914,Logistic Regression,High,High,1.0,0.863134727374604,0.012736805339500478,1.0993579004333145,Monitor,1,1,0,1
SUP026,2025-01,17,13,3.176470588235294,54,2,2,301050.05,0,0.7647058823529411,0.1176470588235294,0.0,0.0,0.0,0.0,301050.05,1.0,0.0,0.0183418613652794,0.0,0.0,0.0772058823529411,0.0,0.8014705882352939,0.0,1,1,2025-01,High,2025-02,Medium,0.3181512605042017,0.1824062049062048,0.3434497354497354,Medium,High,False,0.6866437359109429,0.0203690155750458,0.2929872485140113,Logistic Regression,Medium,High,1.0,0.8331373601679485,0.01283930295569558,1.0696902970904754,Monitor,1,1,0,1
SUP002,2024-10,22,18,2.9545454545454546,65,2,11,303362.74,0,0.8181818181818182,0.0909090909090909,0.0,1.0,1.0,0.0454545454545454,303362.74,1.0,0.0,0.0200278546280633,0.0,0.0,0.2181818181818182,0.0454545454545454,0.8878787878787877,0.0,1,1,2024-10,High,2024-11,High,0.3556613756613756,0.1824062049062048,0.3434497354497354,High,High,True,0.5665338623430531,0.0435690701145915,0.3898970675423552,Logistic Regression,High,High,1.0,0.7614823961142307,0.01401949823964431,1.067560111184359,Monitor,1,1,0,1
SUP003,2024-12,18,15,3.7222222222222223,67,1,4,257643.62,0,0.8333333333333334,0.0555555555555555,0.0,1.0,1.0,0.0555555555555555,257643.62,1.0,0.0,0.0155693869455049,0.0,0.0,0.0555555555555555,0.0,1.1111111111111112,0.0,1,1,2024-12,High,2025-01,High,0.3517647058823529,0.1824062049062048,0.3434497354497354,High,High,True,0.825495116264137,0.0042237066626233,0.1702811770732399,Logistic Regression,High,High,1.0,0.910635704800757,0.010898570861853429,0.9924627758104889,Monitor,1,1,0,1
SUP009,2024-10,17,13,3.588235294117647,61,0,0,228229.72,0,0.7647058823529411,0.0,0.0,0.0,0.0,0.0,228229.72,1.0,0.0,0.0150676106563502,0.0,0.0,-0.1176470588235294,0.0,0.7647058823529411,0.0,1,1,2024-10,High,2024-11,Medium,0.2738345864661654,0.1824062049062048,0.3434497354497354,Medium,High,False,0.8341935139135392,0.0053196170237843,0.1604868690626763,Logistic Regression,Medium,High,1.0,0.9144369484448774,0.01054732745944514,0.9644865936263877,Monitor,1,1,0,1
SUP013,2024-12,25,17,3.2,80,5,7,284049.71,0,0.68,0.2,0.0,0.0,0.0,0.0,284049.71,1.0,0.0,0.0171651052207249,0.0,0.0,0.1175,0.0,1.2312500000000002,0.0,1,1,2024-12,Medium,2025-01,Medium,0.2831932773109243,0.1824062049062048,0.3434497354497354,Medium,High,False,0.6106036955072325,0.0364448802895386,0.3529514242032289,Logistic Regression,Medium,High,1.0,0.787079407608847,0.012015573654507429,0.9457210594070176,Monitor,1,1,0,1
SUP026,2024-07,27,18,2.4444444444444446,66,2,8,302981.51,0,0.6666666666666666,0.074074074074074,0.0,1.0,1.0,0.037037037037037,302981.51,1.0,0.0,0.0190984407194931,0.0,0.0,0.0,0.037037037037037,0.2222222222222223,0.0,1,1,2024-07,Medium,2024-08,High,0.3883116883116883,0.1824062049062048,0.3434497354497354,High,High,True,0.4895152479101804,0.0766283868563225,0.4338563652334971,Logistic Regression,High,High,1.0,0.7064434305269289,0.013368908503645168,0.9444377585715724,Monitor,1,0,0,1
SUP014,2024-12,20,13,2.65,53,4,33,294020.4,0,0.65,0.2,0.0,1.0,1.0,0.05,294020.4,1.0,0.0,0.0177676333591033,0.0,0.0,-0.0166666666666666,0.05,0.6499999999999999,0.0,1,1,2024-12,Medium,2025-01,High,0.3592007992007991,0.1824062049062048,0.3434497354497354,High,High,True,0.5699440632562586,0.0605366162935237,0.3695193204502176,Logistic Regression,High,High,1.0,0.7547037234813674,0.01243734335137231,0.938650933749691,Monitor,1,1,0,1
SUP021,2024-08,10,8,2.7,27,1,1,245728.7,0,0.8,0.1,0.0,0.0,0.0,0.0,245728.7,1.0,0.0,0.0160269529837275,0.0,0.0,0.1076923076923077,0.0,-1.069230769230769,0.0,1,1,2024-08,High,2024-09,High,0.3658241758241758,0.1824062049062048,0.3434497354497354,High,High,True,0.6805501311145271,0.0074644890293514,0.3119853798561214,Logistic Regression,High,High,1.0,0.8365428210425878,0.011218867088609249,0.9385062723207025,Monitor,1,1,0,1
SUP009,2024-07,22,18,3.3181818181818183,73,1,9,236461.26,0,0.8181818181818182,0.0454545454545454,0.0,0.0,0.0,0.0,236461.26,1.0,0.0,0.0149053364892354,0.0,0.0,0.0324675324675325,0.0,0.3896103896103899,0.0,1,1,2024-07,High,2024-08,High,0.4275206043956044,0.1824062049062048,0.3434497354497354,High,High,True,0.7797220806821952,0.0071737567667251,0.2131041625510795,Logistic Regression,High,High,1.0,0.8862741619577349,0.01043373554246478,0.9247150223986604,Monitor,1,1,0,1
SUP039,2025-01,7,5,3.7142857142857135,26,1,1,307604.03,0,0.7142857142857143,0.1428571428571428,0.0,0.0,0.0,0.0,307604.03,1.0,0.0,0.018741171023427,0.0,0.0,0.2857142857142857,0.0,3.1428571428571432,0.0,1,1,2025-01,High,2025-02,High,0.4682857142857142,0.1824062049062048,0.3434497354497354,High,High,True,0.509772881348338,0.1093950434474383,0.3808320752042237,Logistic Regression,High,High,1.0,0.7001889189504498,0.0131188197163989,0.9185652195131191,Monitor,1,1,0,1
SUP014,2025-01,22,16,3.090909090909091,68,3,8,255259.89,0,0.7272727272727273,0.1363636363636363,0.0,1.0,1.0,0.0454545454545454,255259.89,1.0,0.0,0.0155520369935048,0.0,0.0,0.0772727272727272,-0.0045454545454545,0.4409090909090909,0.0,1,1,2025-01,High,2025-02,Medium,0.2926785714285714,0.1824062049062048,0.3434497354497354,Medium,High,False,0.6796022938702784,0.0134677116498134,0.3069299944799081,Logistic Regression,Medium,High,1.0,0.8330672911102324,0.010886425895453359,0.9069125330597616,Monitor,1,1,0,1
SUP018,2024-07,21,17,2.952380952380953,62,1,11,274800.77,0,0.8095238095238095,0.0476190476190476,0.0,0.0,0.0,0.0,274800.77,1.0,0.0,0.0173220676585712,0.0,0.0,0.1984126984126983,-0.0555555555555555,1.7857142857142858,0.0,1,1,2024-07,High,2024-08,High,0.3458241758241758,0.1824062049062048,0.3434497354497354,High,High,True,0.5413705728938732,0.0845065691289232,0.3741228579772035,Logistic Regression,High,High,1.0,0.728432001882475,0.01212544736099984,0.8832563894893687,Monitor,1,1,0,1
SUP009,2024-12,17,12,2.5294117647058822,43,0,0,283989.12,0,0.7058823529411765,0.0,0.0,1.0,1.0,0.0588235294117647,283989.12,1.0,0.0,0.0171614437710254,0.0,0.0,0.0743034055727555,0.0588235294117647,0.4767801857585136,0.0,1,1,2024-12,Medium,2025-01,High,0.3782539682539682,0.1824062049062048,0.3434497354497354,High,High,True,0.5050896123545824,0.0809530049743336,0.413957382671084,Logistic Regression,High,High,1.0,0.7120683036901244,0.01201301063971778,0.8554084108435256,Monitor,1,1,0,1
SUP005,2024-07,14,11,2.642857142857143,37,2,2,200461.66,0,0.7857142857142857,0.1428571428571428,0.0,0.0,0.0,0.0,200461.66,1.0,0.0,0.0126361015563002,0.0,0.0,-0.1476190476190476,0.0,-0.2904761904761903,0.0,1,0,2024-07,Medium,2024-08,Medium,0.2513095238095238,0.1824062049062048,0.3434497354497354,Medium,High,False,0.7966045114988138,0.0071222947015603,0.1962731937996258,Logistic Regression,Medium,High,1.0,0.8947411083986267,0.008845271089410139,0.7914227658625157,Monitor,1,1,0,1
SUP026,2024-08,11,10,2.727272727272727,30,2,4,197654.59,0,0.9090909090909092,0.1818181818181818,0.0,0.0,0.0,0.0,197654.59,1.0,0.0,0.0128914563945845,0.0,0.0,0.2424242424242424,-0.037037037037037,0.2828282828282824,0.0,1,1,2024-08,High,2024-09,High,0.3774534161490683,0.1824062049062048,0.3434497354497354,High,High,True,0.6668770893364095,0.0185989637590698,0.3145239469045207,Logistic Regression,High,High,1.0,0.8241390627886699,0.00902401947620915,0.7437046953709712,Monitor,1,1,0,1
SUP003,2024-07,18,14,2.9444444444444446,53,3,5,210925.23,0,0.7777777777777778,0.1666666666666666,0.0,0.0,0.0,0.0,210925.23,1.0,0.0,0.0132956727339581,0.0,0.0,0.1414141414141414,-0.0454545454545454,1.3535353535353538,0.0,1,1,2024-07,High,2024-08,Medium,0.2273015873015873,0.1824062049062048,0.3434497354497354,Medium,High,False,0.6253624592128271,0.0443628979531705,0.3302746428340022,Logistic Regression,Medium,High,1.0,0.7904997806298282,0.00930697091377067,0.7357158465663906,Monitor,1,1,0,1
SUP018,2024-11,18,12,2.055555555555556,37,3,10,212615.42,0,0.6666666666666666,0.1666666666666666,0.0,0.0,0.0,0.0,212615.42,1.0,0.0,0.0139470334011415,0.0,0.0,-0.0175438596491228,0.0,-0.4707602339181287,0.0,1,0,2024-11,Medium,2024-12,Medium,0.2427380952380952,0.1824062049062048,0.3434497354497354,Medium,High,False,0.5424471820651436,0.0432121674051935,0.4143406505296629,Logistic Regression,Medium,High,1.0,0.7496175073299751,0.009762923380799048,0.7318458288968116,Monitor,1,1,0,1
SUP039,2024-07,11,9,2.636363636363636,29,0,0,205887.2,0,0.8181818181818182,0.0,0.0,1.0,1.0,0.0909090909090909,205887.2,1.0,0.0,0.0129781004923449,0.0,0.0,0.1515151515151516,0.0909090909090909,0.4141414141414139,0.0,1,1,2024-07,High,2024-08,High,0.3525,0.1824062049062048,0.3434497354497354,High,High,True,0.64554028383394,0.039122048753851,0.315337667412209,Logistic Regression,High,High,1.0,0.8032091175400445,0.00908467034464143,0.7296890050661655,Monitor,1,1,0,1
SUP040,2024-07,33,22,2.1818181818181817,72,5,11,224117.14,0,0.6666666666666666,0.1515151515151515,0.0,0.0,0.0,0.0,224117.14,1.0,0.0,0.0141272248346519,0.0,0.0,-0.074074074074074,0.0,0.2558922558922558,0.0,1,1,2024-07,Medium,2024-08,Medium,0.3275091575091575,0.1824062049062048,0.3434497354497354,Medium,High,False,0.5279947836883337,0.0979873740972241,0.374017842214442,Logistic Regression,Medium,High,1.0,0.7150037047955548,0.00988905738425633,0.7070712666679113,Monitor,1,1,0,1
SUP009,2024-11,19,12,2.0526315789473686,39,2,2,189137.22,0,0.631578947368421,0.1052631578947368,0.0,0.0,0.0,0.0,189137.22,1.0,0.0,0.0124069229068101,0.0,0.0,-0.1331269349845201,0.0,-1.5356037151702786,0.0,1,0,2024-11,Medium,2024-12,Medium,0.3412863606981254,0.1824062049062048,0.3434497354497354,Medium,High,False,0.6326904867875239,0.0136010383572745,0.3537084748552015,Logistic Regression,Medium,High,1.0,0.8095447242151247,0.008684846034767069,0.7030771288066326,Monitor,1,1,0,1
SUP005,2024-08,12,7,1.8333333333333333,22,1,6,206222.98,0,0.5833333333333334,0.0833333333333333,0.0,0.0,0.0,0.0,206222.98,1.0,0.0,0.0134503051724287,0.0,0.0,-0.2023809523809523,0.0,-0.8095238095238095,0.0,1,0,2024-08,Medium,2024-09,Medium,0.2039285714285714,0.1824062049062048,0.3434497354497354,Medium,High,False,0.5459939992851327,0.0533197327085012,0.4006862680063661,Logistic Regression,Medium,High,1.0,0.7463371332883157,0.00941521362070009,0.7026923542970409,Monitor,1,1,0,1
SUP021,2024-12,14,12,2.7857142857142856,39,1,8,202957.19,0,0.8571428571428571,0.0714285714285714,0.0,0.0,0.0,0.0,202957.19,1.0,0.0,0.0122646895913136,0.0,0.0,0.1071428571428571,0.0,0.7857142857142856,0.0,1,1,2024-12,High,2025-01,Medium,0.328096903096903,0.1824062049062048,0.3434497354497354,Medium,High,False,0.6686460755912457,0.0361179915066475,0.2952359329021067,Logistic Regression,Medium,High,1.0,0.8162640420422991,0.008585282713919519,0.7007857570139825,Monitor,1,1,0,1
SUP040,2024-11,27,18,2.6666666666666665,72,4,4,204496.88,0,0.6666666666666666,0.1481481481481481,0.0,0.0,0.0,0.0,204496.88,1.0,0.0,0.0134144777259769,0.0,0.0,0.0256410256410255,0.0,0.8205128205128203,0.0,1,1,2024-11,Medium,2024-12,Medium,0.2761813186813187,0.1824062049062048,0.3434497354497354,Medium,High,False,0.558518401368243,0.0695040818019225,0.3719775168298344,Logistic Regression,Medium,High,1.0,0.7445071597831603,0.009390134408183828,0.6991022298219068,Monitor,1,1,0,1
SUP002,2024-09,15,9,2.066666666666667,31,0,0,200478.32,0,0.6,0.0,0.0,0.0,0.0,0.0,200478.32,1.0,0.0,0.013034408455153,0.0,0.0,-0.1272727272727273,0.0,-0.3878787878787877,0.0,1,0,2024-09,Medium,2024-10,High,0.3875124875124875,0.1824062049062048,0.3434497354497354,High,High,True,0.5255102799793921,0.0583010940371392,0.4161886259834686,Logistic Regression,High,High,1.0,0.7336045929711265,0.009124085918607099,0.6693471336553347,Monitor,1,1,0,1
SUP003,2024-10,10,4,2.3,23,3,12,165199.04,0,0.4,0.3,0.0,1.0,1.0,0.1,165199.04,1.0,0.0,0.0109063570490417,0.0,0.0,-0.4,0.0333333333333333,-0.1666666666666669,0.0,1,1,2024-10,Medium,2024-11,High,0.3675702075702076,0.1824062049062048,0.3434497354497354,High,High,True,0.7311691454595808,0.0271674590308693,0.2416633955095499,Logistic Regression,High,High,1.0,0.8520008432143558,0.007634449934329189,0.6504557781526252,Monitor,1,1,0,1
SUP039,2024-08,4,3,3.5,14,0,0,156366.41,0,0.75,0.0,0.0,0.0,0.0,0.0,156366.41,1.0,0.0,0.0101985527181166,0.0,0.0,-0.0681818181818182,-0.0909090909090909,0.8636363636363638,0.0,1,1,2024-08,High,2024-09,High,0.44,0.1824062049062048,0.3434497354497354,High,High,True,0.8220139807834482,0.0047583571392813,0.1732276620772703,Logistic Regression,High,High,1.0,0.9086278118220834,0.0071389869026816195,0.6486682048010113,Monitor,1,1,0,1
SUP018,2024-08,16,12,2.0625,33,3,8,170956.26,0,0.75,0.1875,0.0,1.0,1.0,0.0625,170956.26,1.0,0.0,0.0111501340351937,0.0,0.0,-0.0595238095238095,0.0625,-0.8898809523809526,0.0,1,1,2024-08,High,2024-09,Medium,0.2432380952380952,0.1824062049062048,0.3434497354497354,Medium,High,False,0.6674625020479744,0.0257752664103519,0.3067622315416736,Logistic Regression,Medium,High,1.0,0.8208436178188112,0.007805093824635589,0.6406761452429138,Monitor,1,1,0,1
SUP026,2024-12,16,11,2.375,38,3,4,181419.57,0,0.6875,0.1875,0.0,0.0,0.0,0.0,181419.57,1.0,0.0,0.0109631726367496,0.0,0.0,0.0208333333333333,0.0,-0.9583333333333336,0.0,1,1,2024-12,Medium,2025-01,High,0.3493277310924369,0.1824062049062048,0.3434497354497354,High,High,True,0.6268658266136902,0.0170470104043229,0.3560871629819869,Logistic Regression,High,High,1.0,0.8049094081046836,0.007674220845724719,0.6177052558596908,Monitor,1,1,0,1
SUP023,2024-11,10,6,2.0,20,0,0,150704.32,0,0.6,0.0,0.0,0.0,0.0,0.0,150704.32,1.0,0.0,0.0098858219443177,0.0,0.0,-0.4,0.0,-2.375,0.0,1,0,2024-11,Medium,2024-12,High,0.3798701298701298,0.1824062049062048,0.3434497354497354,High,High,True,0.7661185059766716,0.004588939450826,0.2292925545725023,Logistic Regression,High,High,1.0,0.8807647832629228,0.006920075361022389,0.6094958675513977,Monitor,1,1,0,1
SUP039,2024-12,7,3,0.5714285714285714,4,1,3,193417.67,0,0.4285714285714285,0.1428571428571428,0.0,0.0,0.0,0.0,193417.67,1.0,0.0,0.0116882170275669,0.0,0.0,-0.4603174603174603,0.0,-3.8730158730158735,0.0,1,0,2024-12,Low,2025-01,High,0.3455102040816326,0.1824062049062048,0.3434497354497354,High,High,True,0.4856560888737409,0.0331643151914103,0.4811795959348485,Logistic Regression,High,High,1.0,0.7262458868411652,0.008181751919296829,0.5941963678544131,Monitor,1,0,0,1
SUP015,2024-09,9,7,3.888888888888889,35,0,0,130115.52,0,0.7777777777777778,0.0,0.0,1.0,1.0,0.1111111111111111,130115.52,1.0,0.0,0.0084596620424324,0.0,0.0,-0.0793650793650793,0.1111111111111111,0.0317460317460316,0.0,1,1,2024-09,High,2024-10,Medium,0.2122285714285714,0.1824062049062048,0.3434497354497354,Medium,High,False,0.919973758696361,0.0006278560565756,0.0793983852470634,Logistic Regression,Medium,High,1.0,0.9596729513198927,0.005921763429702679,0.568295618760098,Monitor,1,1,0,1
SUP018,2024-09,15,8,2.2,33,1,2,165884.18,0,0.5333333333333333,0.0666666666666666,0.0,0.0,0.0,0.0,165884.18,1.0,0.0,0.010785216867181,0.0,0.0,-0.2166666666666666,-0.0625,0.1375000000000001,0.0,1,1,2024-09,Medium,2024-10,Medium,0.3044360902255639,0.1824062049062048,0.3434497354497354,Medium,High,False,0.5503411967668924,0.0769968121365964,0.3726619910965111,Logistic Regression,Medium,High,1.0,0.736672192315148,0.0075496518070267,0.5561618547898378,Monitor,1,1,0,1
SUP023,2024-12,11,9,3.636363636363636,40,2,11,149229.0,0,0.8181818181818182,0.1818181818181818,0.0,0.0,0.0,0.0,149229.0,1.0,0.0,0.0090178986170538,0.0,0.0,0.2181818181818182,0.0,1.6363636363636362,0.0,1,1,2024-12,High,2025-01,Medium,0.1862857142857142,0.1824062049062048,0.3434497354497354,Medium,High,False,0.7453996374221086,0.0128305187582637,0.2417698438196276,Logistic Regression,Medium,High,1.0,0.8662845593319224,0.00631252903193766,0.5468446430702083,Monitor,1,1,0,1
SUP018,2024-10,19,13,2.526315789473684,48,0,0,165827.80000000002,0,0.6842105263157895,0.0,0.0,0.0,0.0,0.0,165827.80000000002,1.0,0.0,0.0109478674661613,0.0,0.0,0.1508771929824561,0.0,0.3263157894736839,0.0,1,1,2024-10,Medium,2024-11,Medium,0.2861904761904761,0.1824062049062048,0.3434497354497354,Medium,High,False,0.4666933857552107,0.0742415185229382,0.4590650957218509,Logistic Regression,Medium,High,1.0,0.6962259336161362,0.00766350722631291,0.5335532473413712,Monitor,1,0,0,1
SUP009,2024-08,16,15,2.6875,43,3,15,129611.6,0,0.9375,0.1875,0.0,1.0,1.0,0.0625,129611.6,1.0,0.0,0.0084535466119574,0.0,0.0,0.1193181818181817,0.0625,-0.6306818181818183,0.0,1,1,2024-08,High,2024-09,High,0.3814285714285714,0.1824062049062048,0.3434497354497354,High,High,True,0.7950056855507207,0.0052363355616145,0.1997579788876647,Logistic Regression,High,High,1.0,0.894884674994553,0.0059174826283701805,0.5295464518674962,Monitor,1,1,0,1
SUP039,2024-11,9,8,4.444444444444445,40,1,1,121138.59,0,0.8888888888888888,0.1111111111111111,0.0,0.0,0.0,0.0,121138.59,1.0,0.0,0.0079463848901325,0.0,0.0,0.1031746031746031,0.0,1.7301587301587302,0.0,1,1,2024-11,High,2024-12,Low,0.1646938775510203,0.1824062049062048,0.3434497354497354,Low,High,False,0.9008271023971188,0.0012215916814694,0.0979513059214115,Logistic Regression,Low,High,1.0,0.9498027553578245,0.00556246942309275,0.5283248784647142,Monitor,1,1,0,1
SUP005,2024-12,8,6,2.75,22,0,0,157421.43,0,0.75,0.0,0.0,0.0,0.0,0.0,157421.43,1.0,0.0,0.0095129666210431,0.0,0.0,0.1346153846153845,0.0,0.6730769230769229,0.0,1,1,2024-12,Medium,2025-01,Medium,0.3363636363636363,0.1824062049062048,0.3434497354497354,Medium,High,False,0.5699454136815391,0.0518336791945034,0.3782209071239575,Logistic Regression,Medium,High,1.0,0.7590558672435178,0.006659076634730169,0.5054611190016154,Monitor,1,1,0,1
SUP023,2024-09,12,6,1.9166666666666667,23,2,5,134428.96,0,0.5,0.1666666666666666,0.0,0.0,0.0,0.0,134428.96,1.0,0.0,0.0087401070242479,0.0,0.0,-0.2142857142857143,0.0,-1.226190476190476,0.0,1,0,2024-09,Medium,2024-10,High,0.4624999999999999,0.1824062049062048,0.3434497354497354,High,High,True,0.5751663207895986,0.0280957407527397,0.3967379384576617,Logistic Regression,High,High,1.0,0.7735352900184295,0.0061180749169735295,0.47325468552555977,Monitor,1,1,0,1
SUP015,2024-11,8,6,2.875,23,0,0,138557.36,0,0.75,0.0,0.0,0.0,0.0,0.0,138557.36,1.0,0.0,0.0090890121134864,0.0,0.0,0.27,0.0,1.155,0.0,1,1,2024-11,Medium,2024-12,Medium,0.2887142857142857,0.1824062049062048,0.3434497354497354,Medium,High,False,0.4854105567177214,0.077188749335626,0.4374006939466526,Logistic Regression,Medium,High,1.0,0.7041109036910477,0.006362308479440479,0.4479770773020051,Monitor,1,0,0,1
SUP015,2024-12,10,7,1.7,17,1,1,121952.11,0,0.7,0.1,0.0,0.0,0.0,0.0,121952.11,1.0,0.0,0.007369557955329,0.0,0.0,-0.05,0.0,-1.175,0.0,1,0,2024-12,Medium,2025-01,Medium,0.2933333333333333,0.1824062049062048,0.3434497354497354,Medium,High,False,0.5608667191539193,0.0372536876616954,0.4018795931843853,Logistic Regression,Medium,High,1.0,0.7618065157461119,0.0051586905687302995,0.39299240879767583,Monitor,1,1,0,1
SUP023,2024-07,7,6,3.2857142857142856,23,1,3,89906.76,0,0.8571428571428571,0.1428571428571428,0.0,0.0,0.0,0.0,89906.76,1.0,0.0,0.0056672729835615,0.0,0.0,0.0238095238095237,0.0,0.4523809523809521,0.0,1,1,2024-07,High,2024-08,Medium,0.3308163265306122,0.1824062049062048,0.3434497354497354,Medium,High,False,0.8354291976191662,0.0046270755373466,0.1599437268434871,Logistic Regression,Medium,High,1.0,0.9154010610409098,0.0039670910884930495,0.3631479391652475,Monitor,1,1,0,1
SUP016,2024-10,9,5,2.888888888888889,26,1,8,97862.06,0,0.5555555555555556,0.1111111111111111,0.0,0.0,0.0,0.0,97862.06,1.0,0.0,0.0064608036942269,0.0,0.0,-0.111111111111111,0.0,1.3055555555555556,0.0,1,1,2024-10,Medium,2024-11,Medium,0.3171428571428571,0.1824062049062048,0.3434497354497354,Medium,High,False,0.6094105164409294,0.0693947369505894,0.3211947466084811,Logistic Regression,Medium,High,1.0,0.7700078897451699,0.00452256258595883,0.3482408873054617,Monitor,1,1,0,1
SUP025,2025-01,13,9,2.3076923076923075,30,3,11,92261.88,0,0.6923076923076923,0.2307692307692307,0.0,0.0,0.0,0.0,92261.88,1.0,0.0,0.0056211736628512,0.0,0.0,-0.1648351648351648,0.0,-0.4780219780219781,0.0,1,0,2025-01,Medium,2025-02,High,0.4271428571428571,0.1824062049062048,0.3434497354497354,High,High,True,0.7468270838592866,0.0125139338390203,0.2406589823016928,Logistic Regression,High,High,1.0,0.8671565750101331,0.00393482156399584,0.3412106390710648,Monitor,1,1,0,1
SUP016,2024-12,9,4,1.8888888888888888,17,1,6,98418.79,0,0.4444444444444444,0.1111111111111111,0.0,0.0,0.0,0.0,98418.79,1.0,0.0,0.0059474409815325,0.0,0.0,-0.3055555555555556,0.0,-0.2361111111111111,0.0,1,0,2024-12,Medium,2025-01,Medium,0.2511428571428571,0.1824062049062048,0.3434497354497354,Medium,High,False,0.5237103302790264,0.0862585480491942,0.3900311216717793,Logistic Regression,Medium,High,1.0,0.718725891114916,0.00416320868707275,0.2992205873513722,Monitor,1,1,0,1
SUP023,2024-10,8,8,4.375,35,1,3,70191.32,0,1.0,0.125,0.0,0.0,0.0,0.0,70191.32,1.0,0.0,0.0046339954376462,0.0,0.0,0.5,0.0,2.458333333333333,0.0,1,1,2024-10,High,2024-11,Medium,0.2614285714285714,0.1824062049062048,0.3434497354497354,Medium,High,False,0.8058807359418204,0.0046854084700185,0.189433855588161,Logistic Regression,Medium,High,1.0,0.9005976637359009,0.0032437968063523397,0.29213558254348937,Monitor,1,1,0,1
SUP023,2024-08,7,5,3.142857142857143,22,0,0,64327.48,0,0.7142857142857143,0.0,0.0,0.0,0.0,0.0,64327.48,1.0,0.0,0.0041955762494233,0.0,0.0,-0.1428571428571428,0.0,-0.1428571428571428,0.0,1,0,2024-08,Medium,2024-09,Medium,0.2242857142857142,0.1824062049062048,0.3434497354497354,Medium,High,False,0.8285979621862752,0.0031034968580669,0.1682985409556578,Logistic Regression,Medium,High,1.0,0.9127472326641042,0.00293690337459631,0.2680650427764651,Monitor,1,1,0,1
SUP025,2024-11,17,12,2.411764705882353,41,1,8,77614.43,0,0.7058823529411765,0.0588235294117647,0.0,0.0,0.0,0.0,77614.43,1.0,0.0,0.0050913101581275,0.0,0.0,0.0135746606334842,0.0,0.7963800904977374,0.0,1,1,2024-11,Medium,2024-12,High,0.3716326530612245,0.1824062049062048,0.3434497354497354,High,High,True,0.5491978538930846,0.0964661391328337,0.3543360069740818,Logistic Regression,High,High,1.0,0.7263658573801255,0.0035639171106892496,0.25887077077374965,Monitor,1,1,0,1
SUP025,2024-12,14,12,2.7857142857142856,39,1,2,68873.17,0,0.8571428571428571,0.0714285714285714,0.0,0.0,0.0,0.0,68873.17,1.0,0.0,0.0041620011157021,0.0,0.0,0.1512605042016805,0.0,0.3739495798319328,0.0,1,1,2024-12,High,2025-01,Medium,0.3016483516483516,0.1824062049062048,0.3434497354497354,Medium,High,False,0.6987497250572743,0.0201787866838169,0.2810714882589087,Logistic Regression,Medium,High,1.0,0.8392854691867286,0.00291340078099147,0.24451749414034074,Monitor,1,1,0,1
SUP023,2025-01,5,2,1.8,9,0,0,69237.42,0,0.4,0.0,0.0,0.0,0.0,0.0,69237.42,1.0,0.0,0.0042183788341162,0.0,0.0,-0.4181818181818182,0.0,-1.836363636363636,0.0,1,0,2025-01,Medium,2025-02,High,0.3844897959183673,0.1824062049062048,0.3434497354497354,High,High,True,0.6179401875234872,0.021258924718611,0.3608008877579018,Logistic Regression,High,High,1.0,0.7983406314024382,0.0029528651838813397,0.23573922553461052,Monitor,1,1,0,1
SUP015,2024-07,8,6,3.125,25,1,2,60745.73,0,0.75,0.125,0.0,0.0,0.0,0.0,60745.73,1.0,0.0,0.0038291073384885,0.0,0.0,0.0357142857142857,0.0,0.2678571428571428,0.0,1,1,2024-07,Medium,2024-08,High,0.3991836734693877,0.1824062049062048,0.3434497354497354,High,High,True,0.7662737817382107,0.0082373097956913,0.2254889084660979,Logistic Regression,High,High,1.0,0.8790182359712596,0.0026803751369419496,0.23560986246159357,Monitor,1,1,0,1
SUP016,2024-07,7,3,1.7142857142857142,12,1,6,65494.66,0,0.4285714285714285,0.1428571428571428,0.0,0.0,0.0,0.0,65494.66,1.0,0.0,0.0041284561604216,0.0,0.0,-0.3047619047619047,0.0,-1.885714285714286,0.0,1,0,2024-07,Medium,2024-08,Medium,0.2742857142857143,0.1824062049062048,0.3434497354497354,Medium,High,False,0.5828188648686793,0.0218057106296901,0.3953754245016305,Logistic Regression,Medium,High,1.0,0.7805065771194946,0.0028899193122951194,0.2255601030590987,Monitor,1,1,0,1
SUP025,2024-10,13,9,1.6153846153846154,21,1,1,67803.37999999999,0,0.6923076923076923,0.0769230769230769,0.0,0.0,0.0,0.0,67803.37999999999,1.0,0.0,0.0044763448468699,0.0,0.0,0.0256410256410256,-0.1111111111111111,-0.8290598290598292,0.0,1,1,2024-10,Medium,2024-11,Medium,0.3090756302521008,0.1824062049062048,0.3434497354497354,Medium,High,False,0.4843695181061986,0.0633392278252974,0.452291254068504,Logistic Regression,Medium,High,1.0,0.7105151451404506,0.0031334413928089297,0.22263575660007323,Monitor,1,0,0,1
SUP015,2025-01,6,4,2.333333333333333,14,2,3,65006.100000000006,0,0.6666666666666666,0.3333333333333333,0.0,0.0,0.0,0.0,65006.100000000006,1.0,0.0,0.0039605802227818,0.0,0.0,-0.0333333333333333,0.0,0.6333333333333335,0.0,1,1,2025-01,Medium,2025-02,High,0.4442857142857143,0.1824062049062048,0.3434497354497354,High,High,True,0.6126337579889877,0.0669474523330224,0.3204187896779898,Logistic Regression,High,High,1.0,0.7728431528279825,0.0027724061559472597,0.21426351144819877,Monitor,1,1,0,1
SUP015,2024-08,7,6,3.857142857142857,27,0,0,44011.14,0,0.8571428571428571,0.0,0.0,0.0,0.0,0.0,44011.14,1.0,0.0,0.002870500969322,0.0,0.0,0.1071428571428571,0.0,0.7321428571428572,0.0,1,1,2024-08,High,2024-09,High,0.4170940170940171,0.1824062049062048,0.3434497354497354,High,High,True,0.8549394008429086,0.0020961381114189,0.1429644610456724,Logistic Regression,High,High,1.0,0.9264216313657448,0.0020093506785254,0.18615059335853673,Monitor,1,1,0,1
SUP025,2024-09,9,6,2.4444444444444446,22,1,10,36768.12,0,0.6666666666666666,0.1111111111111111,0.0,1.0,1.0,0.1111111111111111,36768.12,1.0,0.0,0.0023905362645102,0.0,0.0,-0.3333333333333333,0.1111111111111111,-1.2698412698412698,0.0,1,1,2024-09,Medium,2024-10,Medium,0.2838461538461538,0.1824062049062048,0.3434497354497354,Medium,High,False,0.8790084886738305,0.0034428150469475,0.1175486962792218,Logistic Regression,Medium,High,1.0,0.9377828368134414,0.00167337538515714,0.1569262715746448,Monitor,1,1,0,1
SUP025,2024-08,7,7,3.7142857142857135,26,1,1,20322.2,0,1.0,0.1428571428571428,0.0,0.0,0.0,0.0,20322.2,1.0,0.0,0.0013254574818729,0.0,0.0,0.4444444444444444,-0.0555555555555555,2.158730158730159,0.0,1,1,2024-08,High,2024-09,Medium,0.341062271062271,0.1824062049062048,0.3434497354497354,Medium,High,False,0.7656938056355135,0.0102934927254852,0.2240127016390011,Logistic Regression,Medium,High,1.0,0.877700156455014,0.00092782023731103,0.08143479674500191,Monitor,1,1,0,1
